[{"Nom": "Berrada", "Prenom": "Mehdi", "ville 1": "Nantes", "ville 2": "Montbelliard", "adresse 1": "15 rue de l'ecole", "adresse 2": "100 route d'audincourt"}, {"Nom": "chevassu", "Prenom": "Mateo", "ville 1": "Besancon", "ville 2": "Montbeliard", "adresse 1": "17 rue de la retraite sentimentale", "adresse 2": "100 route d'audincourt"}, {"Nom": "cevik", "Prenom": "Altay", "ville 1": "Audincourt", "adresse 1": "19 Avenue Jean Jaures"}, {"Nom": "redoute", "Prenom": "maxime", "ville 1": "valentigney", "adresse 1": "25 rue des poirriers"}, {"Nom": "amghar", "Prenom": "mourad", "ville 1": "valentigney", "adresse 1": "33 rue de la novie"}, {"Nom": "benyahia", "Prenom": "yanis", "ville 1": "audincourt", "adresse 1": "5 rue de la charboniere"}, {"Nom": "Abouhnaik", "Prenom": "Chadi", "ville 1": "Montbeliard", "ville 2": "Valentigney", "adresse 1": "3 rue Pierre Donzelot", "adresse 2": "10 rue Armand peugeot"}, {"Nom": "Toilha", "Prenom": "Eric", "ville 1": "Belfort", "adresse 1": "5 rue de Moscou"}, {"Nom": "HARCHAOUI", "Prenom": "Sami", "ville 1": "St loup sur semouse", "ville 2": "Montbeliard", "adresse 1": "41 rue du breuil", "adresse 2": "23 Rue Mauric Ravel"}, {"Nom": "Fouka", "Prenom": "Anisse", "ville 1": "Audincourt", "adresse 1": "15 rue Leo Ferre"}, {"Nom": "Zerrar", "Prenom": "Yanis", "ville 1": "Montbeliard", "adresse 1": "8 rue du buffon"}, {"Nom": "Hamdi", "Prenom": "Locqmen", "ville 1": "Audincourt", "adresse 1": "101 Avenue du 8 mai"}, {"Nom": "Kut", "Prenom": "Suha", "ville 1": "Besancon", "ville 2": "Montbeliard", "adresse 1": "50B Rue Mirabeau", "adresse 2": "23 Rue Maurice Ravel"}, {"Nom": "Kilic", "Prenom": "Fatih", "ville 1": "valentigney", "adresse 1": "111 rue des graviers"}, {"Nom": "nabil", "Prenom": "Chaker", "ville 1": "Belfort", "adresse 1": "20 Boulevard Analtole France"}, {"Nom": "Solis Macedo", "Prenom": "Paul", "ville 1": "Le Mesnil amelot", "ville 2": "Belfort", "adresse 1": "1 bis rue de bosnier", "adresse 2": "1 avenue charles bhon"}, {"Nom": "Ockandji", "Prenom": "Ardy", "ville 1": "Montbeliard", "adresse 1": "37 rue georges clemenceau"}, {"Nom": "Tchitembo", "Prenom": "Richardy", "ville 1": "Belfort", "adresse 1": "2 rue Ernest Duvillard"}, {"Nom": "Nganga", "Prenom": "Mario", "ville 1": "Montbeliard", "adresse 1": "37 rue georges clemenceau"}, {"Nom": "ngoma", "Prenom": "dorcasse", "ville 1": "Montbeliard", "adresse 1": "37 rue georges clemenceau"}, {"Nom": "Ronaldo", "Prenom": "Paulino", "ville 1": "Montbeliard", "adresse 1": "37 rue georges clemenceau"}, {"Nom": "fatih", "Prenom": "kurul", "ville 1": "montbeliard", "ville 2": "mulhouse", "adresse 1": "24 rue de Audincourt", "adresse 2": "23 rue de kingersheim"}, {"Nom": "nicolas", "Prenom": "rabergeau", "ville 1": "montebeliard", "ville 2": "salins-les-bain", "adresse 1": "23 maurice ravel", "adresse 2": "73 rue de la republique"}, {"Nom": "wittig", "Prenom": "antonin", "ville 1": "hericourt", "ville 2": "Montbeliard", "adresse 1": "3 rue des avenues", "adresse 2": "1 impasse de l'entree"}, {"Nom": "Lucas", "Prenom": "antoine", "ville 1": "Arbois", "ville 2": "Montbeliard", "adresse 1": "4 rue du chateau Pecauld", "adresse 2": "100 route d'Audincourt"}, {"Nom": "Prinzbach", "Prenom": "Lilian", "ville 1": "Meyenheim", "ville 2": "Montbeliard", "adresse 1": "2 impasse des Pommiers", "adresse 2": "100 route d'Audincourt"}, {"Nom": "GAMBIER", "Prenom": "Maxence", "ville 1": "Montbeliard", "adresse 1": "100 route d'audincourt"}, {"Nom": "Aoussar", "Prenom": "Driss", "ville 1": "Grand-charmont", "adresse 1": "4 allee du Hainault"}, {"Nom": "DOGAN", "Prenom": "Eren", "ville 1": "Grand-charmont", "adresse 1": "4 rue de Normandie"}, {"Nom": "MARCHAND", "Prenom": "Theo", "ville 1": "Triel-sur-Seine", "ville 2": "Montbeliard", "adresse 1": "6 RUE Cadot", "adresse 2": "36 rue saint Goerges"}, {"Nom": "LE GOUSSE", "Prenom": "Adrien", "ville 1": "Viry-Chatillon", "ville 2": "Belfort", "adresse 1": "14 avenue de l'aqueduc", "adresse 2": "102 rue de la croix du tilleul"}, {"Nom": "Coudert", "Prenom": "Yoland", "ville 1": "Vichy", "ville 2": "Montbeliard", "adresse 1": "8 avenue de France", "adresse 2": "8 rue des potiers"}, {"Nom": "Thayaparan", "Prenom": "Ansuhan", "ville 1": "Giromagny", "adresse 1": "38 faubourg de belfort"}, {"Nom": "guesdon", "Prenom": "Mathis", "ville 1": "Besancon", "ville 2": "Montbeliard", "adresse 1": "12 impasse le corbusier", "adresse 2": "25 rue Georges Cuvier"}, {"Nom": "DEZZAZ", "Prenom": "Yanis", "ville 1": "Orleans", "ville 2": "Montbeliard", "adresse 1": "3 rue du jardin dans l'ile", "adresse 2": "23 Rue Maurice Ravel"}, {"Nom": "Bierme", "Prenom": "Julien", "ville 1": "//", "ville 2": "Montbeliard", "adresse 1": "//", "adresse 2": "23 Rue Maurice Ravel"}, {"Nom": "Beaudoux", "Prenom": "Timothee", "ville 1": "Montbeliard", "adresse 1": "6 Allee du Thiergarten"}, {"Nom": "Greder", "Prenom": "Guillaume", "ville 1": "Montbeliard", "ville 2": "Vouhenans", "adresse 1": "23 Rue Maurice Ravel", "adresse 2": "5 rue de la petite vie"}, {"Nom": "Paquelet", "Prenom": "Etienne", "ville 1": "Bourg-En-Bresse", "ville 2": "Montbeliard", "adresse 1": "250 Chemin des Murailles", "adresse 2": "100 route d'audincourt"}, {"Nom": "Dakhouche", "Prenom": "Bilal", "ville 1": "Besancon", "ville 2": "Montbeliard", "adresse 1": "22 Rue Danton", "adresse 2": "23 Rue Maurice Ravel"}, {"Nom": "KNOEPFFLER-POUT", "Prenom": "Xavier", "ville 1": "Sermamagny", "adresse 1": "16 Rue de Valdoie"}, {"Nom": "GALLAY", "Prenom": "Dorian", "ville 1": "Rang", "ville 2": "Mandeure", "adresse 1": "7 rue de la goulisse", "adresse 2": "25 rue de Beaulieu"}]